insert into ave(cod_ave, nombre, nom_cientifico, clase, migratoria, observaciones)
values(1, 'Flamenco', '', 'Zancuda', 1, 'Migran en grupo hacia lugares cálidos')
insert into ave(cod_ave, nombre, nom_cientifico, clase, migratoria, observaciones)
values(2, 'Pato salvaje', '', 'Palmipedo', 0, '')
insert into ave(cod_ave, nombre, nom_cientifico, clase, migratoria, observaciones)
values(3, 'Mirlo Blanco', '', '', 1, 'Emite un sonido muy peculiar')
insert into ave(cod_ave, nombre, nom_cientifico, clase, migratoria, observaciones)
values(4, 'Golondrina', 'Golondrina común', '', 1, 'Famosa por los versos  de Becquer')

insert into arbol(cod_arbol, nombre, tipo_hoja)
values(1, 'Encina', 'Caduca')
insert into arbol(cod_arbol, nombre, tipo_hoja)
values(2, 'Roble', 'Perenne')
insert into arbol(cod_arbol, nombre, tipo_hoja)
values(3, 'Naranjo', 'Caduca')
insert into arbol(cod_arbol, nombre, tipo_hoja)
values(4, 'Pino', 'Perenne')

insert into region(cod_region, desc_region)
values(1, 'Centro')
insert into region(cod_region, desc_region)
values(2, 'Sur')
insert into region(cod_region, desc_region)
values(3, 'Nor-noreoeste')
insert into region(cod_region, desc_region)
values(4, 'Pirineos')
insert into region(cod_region, desc_region)
values(5, 'Levante')

insert into arbol_region(cod_arbol, cod_region)
values(4, 1)
insert into arbol_region(cod_arbol, cod_region)
values(4,3)
insert into arbol_region(cod_arbol, cod_region)
values(4, 4)
insert into arbol_region(cod_arbol, cod_region)
values(3, 5)
insert into arbol_region(cod_arbol, cod_region)
values(1, 1)
insert into arbol_region(cod_arbol, cod_region)
values(1, 2)
insert into arbol_region(cod_arbol, cod_region)
values(1, 3)
insert into arbol_region(cod_arbol, cod_region)
values (2, 1)

insert into ave_arbol(cod_ave, cod_arbol)
values(3, 3)
insert into ave_arbol(cod_ave, cod_arbol)
values(3, 4)
insert into ave_arbol(cod_ave, cod_arbol)
values(2, 1)

update ave set nombre = 'Mirlo común'
where nombre = 'Mirlo Blanco'

